has_title,has_input,has_button,has_image,has_submit,has_link,has_password,has_email_input,has_hidden_element,has_audio,has_video,number_of_inputs,number_of_buttons,number_of_images,number_of_option,number_of_list,number_of_th,number_of_tr,number_of_href,number_of_paragraph,number_of_script,length_of_title,has_h1,has_h2,has_h3,length_of_text,number_of_clickable_button,number_of_a,number_of_img,number_of_div,number_of_figure,has_footer,has_form,has_text_area,has_iframe,has_text_input,number_of_meta,has_nav,has_object,has_picture,number_of_sources,number_of_span,number_of_table,URL,label
1,1,0,0,1,0,0,0,1,0,0,10,0,0,0,0,0,1,0,1,8,6,0,0,0,269,0,27,1,13,0,0,1,0,0,0,2,0,0,0,0,8,1,https://google.com,0
1,1,1,0,0,1,1,0,1,0,0,6,1,0,0,43,0,0,26,0,16,34,0,1,0,737,0,46,2,32,0,0,1,0,0,1,18,0,0,0,0,2,0,https://facebook.com,0
1,1,0,0,0,1,0,0,0,0,0,1,0,0,0,0,0,0,17,0,40,7,0,0,0,140,0,14,0,292,0,0,0,0,1,1,7,0,0,0,0,1,0,https://youtube.com,0
1,0,0,0,0,0,0,0,0,0,0,0,0,0,0,0,0,0,0,1,0,21,0,0,0,179,0,1,0,0,0,0,0,0,0,0,7,0,0,0,0,0,0,https://microsoft.com,0
0,1,1,0,0,1,0,0,1,0,0,1,1,0,0,0,0,0,20,3,12,0,1,0,0,432,0,6,1,10,0,0,1,0,0,0,13,0,0,0,0,3,0,https://twitter.com,0
1,0,1,0,0,1,0,0,0,0,0,0,29,1,0,213,0,0,19,138,16,64,1,1,1,12575,1,236,23,271,0,0,0,0,0,0,16,1,0,0,0,109,0,https://cloudflare.com,0
1,0,0,0,0,1,0,0,0,0,0,0,0,0,0,0,0,0,91,0,69,9,0,0,0,81,0,0,2,2,0,0,0,0,0,0,19,0,0,0,0,1,0,https://instagram.com,0
1,1,1,0,0,1,0,0,1,0,0,5,18,0,0,89,0,0,148,0,14,5,1,1,1,4359,1,109,0,114,9,1,1,0,0,0,16,1,0,0,0,89,0,https://apple.com,0
1,1,1,0,0,1,0,1,0,0,1,2,8,0,2,21,0,0,7,6,17,58,1,1,1,2926,6,17,11,105,0,1,0,0,0,0,20,0,0,0,2,19,0,https://netflix.com,0
1,1,1,0,0,1,1,0,1,0,0,7,34,0,0,143,0,0,76,6,6,27,1,1,1,10891,1,121,7,52,0,1,1,0,1,1,19,1,0,0,0,86,0,https://linkedin.com,0
1,0,0,0,0,1,0,0,0,0,0,0,0,0,0,0,0,0,1,0,6,8,0,0,0,10,0,0,0,2,0,0,0,0,0,0,2,0,0,0,0,0,0,https://bilibili.com,0
1,1,1,0,0,1,0,0,1,0,0,4,2,0,70,307,0,0,5,2,4,9,1,1,0,5379,0,334,1,86,0,0,1,0,0,0,3,0,0,0,0,58,0,https://wikipedia.org,0
1,0,1,0,0,1,0,0,0,0,0,0,1,0,0,44,0,0,2,17,9,57,1,1,0,3939,0,31,7,139,3,1,0,0,1,0,22,1,0,0,0,32,0,https://live.com,0
1,1,1,0,0,1,0,0,1,0,0,30,16,0,19,58,0,0,24,42,80,71,1,1,1,12773,2,117,58,791,0,0,1,0,0,1,14,0,0,0,0,59,0,https://yahoo.com,0
1,1,1,0,0,1,0,0,1,0,0,3,104,0,27,396,0,0,12,360,39,42,1,1,1,68663,98,448,259,760,0,1,1,0,0,1,29,1,0,1,4,178,0,https://azure.com,0
1,1,1,0,0,1,0,0,0,0,0,2,9,0,0,0,0,0,17,0,15,14,0,0,0,384,6,22,3,49,0,1,1,0,0,0,7,0,0,0,0,8,0,https://zhihu.com,0
1,1,0,0,1,0,0,0,1,0,0,10,0,0,0,0,0,1,0,1,8,6,0,0,0,269,0,27,1,13,0,0,1,0,0,0,2,0,0,0,0,8,1,https://googlevideo.com,0
1,0,0,0,0,1,0,0,0,0,0,0,0,0,0,0,0,0,7,0,13,4,0,0,0,18,0,4,1,5,0,0,0,0,0,0,13,0,0,0,0,10,0,https://bing.com,0
1,0,1,0,0,1,0,0,0,0,0,0,27,0,0,169,0,0,17,19,17,21,1,1,1,12744,21,175,27,151,0,1,0,0,0,0,10,1,0,1,5,62,0,https://office.com,0
1,1,1,0,0,1,0,1,1,0,1,5,25,0,0,87,0,0,26,16,37,38,1,1,1,10628,24,109,53,379,0,1,1,0,0,1,50,1,0,1,26,324,0,https://github.com,0
1,1,1,0,0,1,0,0,0,0,0,1,127,0,0,0,95,119,39,7,37,27,0,0,1,7661,7,165,32,489,0,0,1,0,0,0,20,0,0,0,0,315,19,https://reddit.com,0
1,0,0,0,0,1,0,0,0,0,0,0,0,0,0,0,0,0,40,0,38,9,0,0,0,69,0,1,0,5,0,0,0,0,0,0,35,0,0,0,0,0,0,https://pinterest.com,0
1,1,1,0,0,1,0,0,0,0,0,1,9,0,0,61,0,0,181,19,13,55,1,1,0,3750,0,78,15,81,15,1,1,0,1,0,19,1,0,0,0,56,0,https://wordpress.org,0
1,0,1,0,0,1,0,0,0,0,0,0,4,0,240,15,0,0,14,13,16,8,1,1,1,3860,0,69,28,212,0,1,0,0,0,0,15,1,0,1,71,169,0,https://whatsapp.com,0
1,0,1,0,0,1,0,0,0,0,0,0,17,0,11,106,0,0,7,42,10,72,1,1,1,9511,17,90,12,164,0,1,0,0,1,0,16,1,0,1,10,21,0,https://doubleclick.net,0
1,1,0,0,0,1,0,0,0,0,0,1,0,0,0,0,0,0,17,0,40,7,0,0,0,140,0,14,0,292,0,0,0,0,1,1,7,0,0,0,0,1,0,https://youtu.be,0
1,1,0,0,1,1,1,0,1,0,0,15,0,0,5,0,0,6,8,0,90,48,1,0,0,6629,0,167,18,218,0,0,1,0,0,1,39,0,0,0,0,185,6,https://mail.ru,0
1,0,1,0,0,1,0,0,0,0,0,0,9,1,0,107,0,0,11,52,23,59,1,1,1,7929,2,137,31,142,0,1,0,0,1,0,14,1,0,1,1,48,0,https://fastly.net,0
1,1,1,0,0,1,0,0,1,0,0,33,9,0,0,167,0,0,30,89,42,30,1,1,1,12619,2,209,69,322,0,0,0,0,0,1,31,1,0,0,0,90,0,https://zoom.us,0
0,0,0,0,0,0,0,0,0,0,0,0,0,0,0,0,0,0,0,0,0,0,0,0,0,7,0,0,0,0,0,0,0,0,0,0,0,0,0,0,0,0,0,https://adobe.com,0
1,0,1,0,0,1,0,0,0,0,0,0,4,0,7,57,0,0,19,17,43,33,1,1,1,4104,0,109,5,187,0,1,0,0,0,0,36,0,0,1,24,23,0,https://vimeo.com,0
0,0,0,0,0,0,0,0,0,0,0,0,0,0,0,0,0,0,0,0,1,0,0,0,0,0,0,0,0,0,0,0,0,0,0,0,0,0,0,0,0,0,0,https://yandex.ru,0
